YEAR_,MONTH_,TEMP_mean,TEMP_median,MIN_mean,MAX_mean,PRCP_mean,PRCP_median,PRCP_min,PRCP_max
1950,1,35.575215805751746,37.0,27.46808648249099,45.85063396962519,0.01151085300837776,0.0,0.0,2.68
1950,2,36.675682420044815,38.0,28.25768564734644,47.362377700774566,0.006911751970208713,0.0,0.0,1.65
1950,3,41.37393535857955,40.9,32.41731427514109,52.50503610442511,0.009131042420256493,0.0,0.0,2.09
1950,4,50.11824149496885,49.8,40.39244966442953,61.70142014105455,0.007008229150181991,0.0,0.0,2.44
1950,5,60.765406136342435,61.3,50.98527779073564,72.04352935689968,0.00784386906150377,0.0,0.0,4.53
1950,6,68.86517331273535,69.9,58.559849289923676,80.23820148749155,0.006788523484905237,0.0,0.0,3.03
1950,7,71.60241588785047,72.6,62.057621495327105,82.51307476635515,0.014226606726606725,0.0,0.0,3.82
1950,8,70.81283222978644,71.6,60.48933252483791,82.48820649132625,0.008075828709631527,0.0,0.0,4.09
1950,9,64.41658850263502,64.9,55.52068865460876,75.13916912511486,0.010265606242496998,0.0,0.0,9.76
1950,10,58.12360043390086,59.8,48.394970274606024,69.9357146229756,0.005929859062602425,0.0,0.0,5.75
1950,11,42.964352729570756,43.6,34.017447118891326,54.1606211301253,0.0071595800921380555,0.0,0.0,2.91
1950,12,35.31905525930819,35.8,27.370017461890605,45.079256249114025,0.008777077271257679,0.0,0.0,2.6
1951,1,33.405930315240575,35.4,25.243369209615476,43.40173979179541,0.007240092853589786,0.0,0.0,1.14
1951,2,36.482354793011176,37.4,27.94577845411135,47.51436164614251,0.009150126308191989,0.0,0.0,2.99
1951,3,41.2567084078712,41.5,32.4983755532536,52.17645476426447,0.008517319520880544,0.0,0.0,1.89
1951,4,51.832694267825076,51.8,42.351694174757284,63.164904780411966,0.008782284835236014,0.0,0.0,2.99
1951,5,62.18011114224339,62.5,51.54919663708548,74.012103517541,0.0073125442948263645,0.0,0.0,3.7
1951,6,68.35422134311077,68.8,58.485553624867265,79.26028468033775,0.011247002398081534,0.0,0.0,2.32
1951,7,74.0179075289845,75.4,63.8737070170534,85.35956228172294,0.009313443565780016,0.0,0.0,2.76
1951,8,72.51399972130613,73.1,62.628862865374785,83.87460052025268,0.008142929038751887,0.0,0.0,2.87
1951,9,65.72940048881007,66.2,55.91814823698729,77.55838330534901,0.009512212852573422,0.0,0.0,3.82
1951,10,56.21470233679525,57.2,47.12946250521727,67.46152276731893,0.007766587274583191,0.0,0.0,2.64
1951,11,41.8073959277097,41.0,33.716117495589145,51.99614411834884,0.010081243652839623,0.0,0.0,3.03
1951,12,35.87556494580195,37.0,28.089361017961323,45.274655013799446,0.009606081548030408,0.0,0.0,2.17
1952,1,35.87249726974882,36.4,28.12325094451272,45.4029213380731,0.008559935639581658,0.0,0.0,2.13
1952,2,38.586278241350705,38.6,30.624364417118038,48.33642400273424,0.007761431079160745,0.0,0.0,2.28
1952,3,41.564627151051624,41.3,33.320864062642265,51.56744715743441,0.011454151744815524,0.0,0.0,2.13
1952,4,53.199844544940646,54.5,43.1762710267163,64.68161591401905,0.0081640625,0.0,0.0,2.6
1952,5,61.822075075349346,62.3,51.552790464011686,73.12782243332116,0.009907488344988344,0.0,0.0,3.07
1952,6,71.67224524796342,73.6,61.337519069412664,83.01149704593101,0.007741594417424402,0.0,0.0,3.46
1952,7,74.84000827472073,76.9,64.33838797186078,86.42806436781609,0.008997497219132369,0.0,0.0,5.87
1952,8,73.08606171428572,74.2,63.13488063660478,84.43134144111193,0.010031851744606921,0.0,0.0,3.11
1952,9,66.80597736770437,68.1,56.03267894044712,79.02567510449444,0.006366518706404566,0.0,0.0,4.33
1952,10,54.687751104632625,54.8,43.338007565054916,67.94332268370607,0.0033970382788488405,0.0,0.0,6.38
1952,11,44.42471566876586,44.7,35.952427732079904,54.53192870244086,0.006479664391353811,0.0,0.0,3.39
1952,12,37.17598141907278,37.4,30.22864040081986,45.63553500660502,0.00844028799499139,0.0,0.0,3.15
1953,1,38.65508616400561,40.1,30.7686527325371,48.46657758854969,0.009489153254023793,0.0,0.0,1.81
1953,2,39.09590159827646,39.9,30.559255175179185,49.61445330124831,0.008207259158751696,0.0,0.0,2.24
1953,3,45.87192879144772,46.7,36.996652473274146,56.63122989807474,0.010739229380836537,0.0,0.0,2.2
1953,4,51.84984334814121,51.6,42.52912339788568,62.80767178431006,0.010411976047904191,0.0,0.0,3.39
1953,5,62.062950435214,62.0,52.45032252244125,72.93858644174823,0.00937278192221337,0.0,0.0,2.05
1953,6,71.36413391009968,73.3,60.9340813926135,82.65573685695476,0.00724739402362752,0.0,0.0,2.99
1953,7,74.73576692139738,76.2,64.42898379165908,85.98993175614194,0.008730909582375997,0.0,0.0,3.54
1953,8,72.70920460230114,74.1,62.48347062303736,84.05282881571767,0.008993515452538632,0.0,0.0,3.98
1953,9,67.44419644959268,68.5,56.173573078192014,79.93084173814687,0.00665826930343872,0.0,0.0,5.39
1953,10,57.61288407980642,58.6,47.02523176690871,69.88867821081007,0.0051313599619591055,0.0,0.0,2.64
1953,11,46.26074788334901,47.5,37.51741625893865,56.95715227112262,0.006579777747290438,0.0,0.0,2.91
1953,12,37.711279292422724,38.3,29.851942367317164,47.12286809326094,0.00943663060278207,0.0,0.0,3.07
1954,1,34.19391264367816,35.9,25.96478244871677,44.48636804433156,0.008049481245011971,0.0,0.0,2.17
1954,2,41.6859923566879,43.4,32.28326963257402,53.38376639950993,0.006435998828353837,0.0,0.0,5.08
1954,3,42.454807249976994,41.9,33.469169542213024,53.534255544796416,0.006960502030269472,0.0,0.0,1.61
1954,4,55.676231232667114,57.5,45.63215772598937,67.50113451412159,0.008855935291117103,0.0,0.0,3.86
1954,5,60.49596052752928,60.8,50.422645077959224,71.5532420217672,0.008855817273376159,0.0,0.0,2.28
1954,6,70.38716816283424,72.7,60.17095302142376,81.57746086622491,0.008129013637347571,0.0,0.0,3.46
1954,7,75.33055516645655,77.2,64.71880401775286,86.9345738968013,0.0072252728157364285,0.0,0.0,3.46
1954,8,72.97086950401201,73.4,63.159796282388285,84.21034871169098,0.010205779659757818,0.0,0.0,3.03
1954,9,67.960985874613,69.0,57.70301811839938,79.7554054708303,0.0075568887050062065,0.0,0.0,8.03
1954,10,57.19614736447899,57.0,47.84915214540003,68.40698023048814,0.00754851404532501,0.0,0.0,4.29
1954,11,46.444582013628946,46.5,37.68158778919074,57.04338136407301,0.0069385749385749386,0.0,0.0,1.97
1954,12,36.20950384346611,36.7,28.254671264153583,45.944196241197595,0.00759806081974438,0.0,0.0,2.13
1955,1,34.3744037263595,34.8,27.04310180245943,43.13395484668089,0.007596891694997571,0.0,0.0,1.42
1955,2,35.46990813074183,36.9,27.107338417302163,45.70033210100883,0.009822604631400042,0.0,0.0,2.6
1955,3,43.92909915014164,44.25,34.65297619047619,55.18188797270401,0.007657769135584232,0.0,0.0,1.57
1955,4,54.426928948913684,56.0,44.701233625095455,65.52790178571429,0.00856274385264495,0.0,0.0,4.49
1955,5,63.032661519246055,64.45,53.14544835027542,73.9968251263702,0.00964136853073984,0.0,0.0,3.58
1955,6,67.88160838337454,69.3,58.053925899746716,78.50252590673574,0.009975349219391949,0.0,0.0,3.58
1955,7,74.48338175810403,77.6,65.0301077721389,85.11054700854702,0.010958206822646902,0.0,0.0,2.99
1955,8,73.83754915930464,76.8,64.2743008788951,84.54385904892234,0.013183976517309851,0.0,0.0,6.93
1955,9,67.16640506032564,69.8,57.55815590357206,78.020568248389,0.009109250732524068,0.0,0.0,4.8
1955,10,56.49859106919668,57.8,46.76204915234953,67.90421501706486,0.012008844484481206,0.0,0.0,4.53
1955,11,42.05880460845663,43.9,33.59582334015794,52.3372428345349,0.008907024979709622,0.0,0.0,2.24
1955,12,35.16077341800862,35.5,27.61260065782012,44.38043033950267,0.006830113014947138,0.0,0.0,1.93
1956,1,33.9071690450674,35.7,26.384025270758123,43.06208201536376,0.009651502307619854,0.0,0.0,2.09
1956,2,36.71606885796545,37.8,28.7146550689862,46.43559545973215,0.010218905472636817,0.0,0.0,3.27
1956,3,43.19206393718452,44.2,33.53639220968738,54.68489451476793,0.009794280836534356,0.0,0.0,2.95
1956,4,51.84770068342407,51.8,42.20813973697931,62.96525522041763,0.007903311965811965,0.0,0.0,2.13
1956,5,62.99006652132596,63.7,53.25740896123511,73.96255173956818,0.01070150700625716,0.0,0.0,2.52
1956,6,70.82134955111498,73.2,60.635129497653395,81.80305259499536,0.009632963383728044,0.0,0.0,2.6
1956,7,73.50996844359291,74.9,63.89521474467365,84.18613208610391,0.01349532710280374,0.0,0.0,4.33
1956,8,72.69409646012718,74.2,62.8351050053488,83.64889964541003,0.009107580495225217,0.0,0.0,2.64
1956,9,66.32906092107557,67.8,55.79125807014483,78.05360962566846,0.007381294964028777,0.0,0.0,8.39
1956,10,57.424774547695066,59.8,48.12041125056029,68.22071072249314,0.008512005139323858,0.0,0.0,3.19
1956,11,43.64144892426602,45.2,34.7642321449175,54.56916859122402,0.006013921502851392,0.0,0.0,4.21
1956,12,39.13454903062658,41.3,31.003243030575536,49.18332958000225,0.0073431994362226916,0.0,0.0,2.6
1957,1,33.17176654391251,33.4,25.700340439781225,42.33238175202911,0.008406481382122546,0.0,0.0,2.99
1957,2,40.98379261451205,41.5,33.38559536289079,50.529125494071145,0.008493029431290109,0.0,0.0,2.05
1957,3,44.44109367145171,44.5,36.25165056135843,54.42188740426008,0.01032715168806467,0.0,0.0,2.01
1957,4,53.775076585168485,54.7,44.987161849710986,64.20502343885641,0.012107910830538568,0.0,0.0,2.28
1957,5,62.09306985805733,62.5,53.123970162547316,72.3015809396571,0.013706017455213597,0.0,0.0,2.76
1957,6,70.83640050990846,72.3,61.38498406259055,81.48669525409979,0.014095203488372093,0.0,0.0,3.43
1957,7,74.61225267641949,76.4,64.52275479313823,85.57525507343873,0.010008680555555555,0.0,0.0,4.65
1957,8,72.47622365927081,73.3,62.61575453277545,83.44303712788493,0.009320769532783667,0.0,0.0,3.9
1957,9,66.12065248552263,67.2,56.8726808559463,76.9785337310693,0.010887194593657945,0.0,0.0,3.74
1957,10,54.39258787005211,55.2,46.43834127952101,64.00767311637189,0.009567372311827957,0.0,0.0,3.15
1957,11,45.09800898799704,45.5,38.01894706886739,53.96330259562842,0.010794942168202313,0.0,0.0,2.28
1957,12,39.07188295165395,41.1,31.313054064523268,48.71667220376523,0.010283948405589395,0.0,0.0,2.52
1958,1,34.64923442595766,35.5,27.335736798451755,43.80962495851311,0.012043815362423368,0.0,0.0,2.64
1958,2,34.661145369070155,36.3,27.24150079374771,43.9702834799609,0.011093338945596127,0.0,0.0,3.5
1958,3,41.67876257879022,41.1,34.585375428508236,50.40262110152621,0.013179041110075592,0.0,0.0,2.28
1958,4,53.20452698449036,53.9,44.076697195191755,63.86193884562528,0.012922837813128541,0.0,0.0,4.09
1958,5,63.07470025968286,64.8,53.14392440736034,73.96017684443216,0.008917748917748918,0.0,0.0,2.36
1958,6,69.19658045478215,69.2,59.80854216100469,79.67022975866658,0.013326412709875429,0.0,0.0,4.21
1958,7,73.41882352941175,75.0,64.46378786172728,83.63389439315469,0.01457589492183887,0.0,0.0,3.82
1958,8,73.27341593917207,75.2,63.80203932172835,83.96749662009914,0.011053034817400187,0.0,0.0,4.69
1958,9,66.58282418410528,68.2,57.62403037857267,77.2206656616027,0.01141077738515901,0.0,0.0,3.58
1958,10,55.78878357915989,57.7,46.663614430791675,66.82319393769295,0.008279795158286777,0.0,0.0,4.76
1958,11,46.17623393988722,48.3,37.86773255813954,56.45407166123778,0.010154804270462633,0.0,0.0,2.36
1958,12,34.970661644836696,36.2,26.96607996401057,45.09255486775464,0.006709433962264151,0.0,0.0,2.2
1959,1,32.73639705882353,34.7,24.746920248218803,43.02891358166849,0.010303783485225076,0.0,0.0,2.01
1959,2,36.85422476918179,37.3,29.089153557098275,46.68699337241907,0.012537874339401057,0.0,0.0,1.89
1959,3,42.45343881734711,44.3,33.028953448076706,53.87675050592657,0.01254019007016609,0.0,0.0,4.49
1959,4,53.06055199664731,54.6,43.46753503413583,64.3756649892164,0.00941664412586782,0.0,0.0,1.93
1959,5,62.766106410107795,64.3,53.493605797101445,73.44361412255782,0.012399175479476608,0.0,0.0,3.98
1959,6,70.42409595202399,72.3,60.689526723052005,81.05241408264858,0.010549956559513468,0.0,0.0,3.23
1959,7,73.23713792110567,75.6,63.7676765349614,83.87796209895744,0.014592938163190633,0.0,0.0,4.45
1959,8,73.11498416354736,76.1,64.04556976610209,83.69322004608296,0.012388913330400353,0.0,0.0,4.09
1959,9,66.26208583893408,69.2,57.46084006843254,76.71008909080182,0.011832528458088997,0.0,0.0,3.86
1959,10,55.770202308835295,56.5,47.666274151137536,65.89583666933548,0.01609734275744833,0.0,0.0,4.17
1959,11,42.734737212576256,43.1,34.137047468168745,53.63529792365155,0.010593250444049733,0.0,0.0,3.43
1959,12,37.84224225927186,39.2,30.65340973561784,46.769338176864565,0.012059480217915513,0.0,0.0,3.19
1960,1,33.52182686295686,34.4,26.76529475299869,42.04700597099801,0.012084492529623906,0.0,0.0,4.76
1960,2,35.39442221413847,35.6,28.053522920203736,44.54184663916526,0.01529277318241184,0.0,0.0,2.72
1960,3,38.084678329571105,37.9,29.67921535421959,48.26628255098006,0.010736252639309649,0.0,0.0,5.63
1960,4,53.40263711846568,55.8,43.748286148806734,64.74167008016852,0.01138245179550681,0.0,0.0,2.76
1960,5,61.052294455066914,61.8,51.1860003374768,71.98352458094274,0.012760519748730745,0.0,0.0,3.27
1960,6,69.48817185597495,70.8,59.52013570724352,80.24737879842264,0.011899940440738534,0.0,0.0,4.06
1960,7,73.30777496483826,74.8,63.36342342342342,84.12850953693805,0.015595466288857404,0.0,0.0,7.28
1960,8,71.87836013946688,74.1,62.68969280972207,82.54011817670231,0.011151369451360865,0.0,0.0,2.8
1960,9,66.52804807245704,67.8,57.2861834457103,77.34875682583943,0.013235294117647059,0.0,0.0,4.33
1960,10,56.10599537950076,57.1,47.171667699938006,66.75778529163144,0.01046477614365808,0.0,0.0,3.46
1960,11,45.34762707921368,46.5,37.19556137289121,55.42389457761229,0.00820557340046879,0.0,0.0,3.15
1960,12,34.27956200259638,34.0,26.582125112917794,43.77487011520217,0.007593273778244877,0.0,0.0,3.5
1961,1,32.75022028920018,34.4,24.61633990620939,43.09944507361268,0.007316356513222331,0.0,0.0,2.99
1961,2,38.60867283179205,39.9,30.52855268091489,48.878333229055876,0.013028670191134607,0.0,0.0,2.13
1961,3,44.115487969417586,45.4,35.804498931503765,54.45657139642174,0.014731514508820978,0.0,0.0,2.6
1961,4,50.21256339998834,50.5,40.9322480891534,61.068762760310335,0.011855470550281133,0.0,0.0,3.98
1961,5,60.14883642495784,60.1,50.45046108861899,70.96305374409715,0.011698742622530152,0.0,0.0,2.72
1961,6,69.30144295106766,70.5,59.33277658150497,80.13478463329453,0.012423781850692893,0.0,0.0,3.9
1961,7,72.87249236684383,74.9,63.37624674884089,83.39305547701181,0.014466342692584594,0.0,0.0,2.76
1961,8,72.03523943661972,74.0,62.90333596303393,82.56044507042253,0.012360142984807865,0.0,0.0,4.29
1961,9,65.69448924731184,67.4,56.68230926629641,76.49463346194318,0.013878828905060078,0.0,0.0,4.72
1961,10,55.19786281179139,57.5,45.56692194236442,66.74885660784203,0.008017705927636645,0.0,0.0,3.54
1961,11,43.706268324146826,43.8,36.05038414169257,53.12728499354687,0.011685320506891129,0.0,0.0,2.8
1961,12,34.038630681818184,36.2,26.91371412333049,42.66793042687433,0.011366050354051927,0.0,0.0,2.2
1962,1,31.256468184140317,32.9,23.169971607041454,41.465406728525075,0.010717181467181468,0.0,0.0,4.02
1962,2,37.62856155344687,37.7,29.859514831573655,47.46969849562535,0.015850467289719627,0.0,0.0,4.21
1962,3,40.57798570942497,41.349999999999994,32.12928697033297,50.743873786958744,0.009702773511608998,0.0,0.0,4.61
1962,4,52.602241389426744,53.6,42.61021726365238,64.08891955372872,0.009224739426307176,0.0,0.0,2.24
1962,5,62.66177621505133,64.1,52.79117880644429,73.49975045372051,0.010201448430866561,0.0,0.0,3.15
1962,6,68.41793446459918,70.7,58.71988526605397,79.0041317961023,0.014764608902729437,0.0,0.0,4.13
1962,7,72.05927966823837,73.0,62.29520454545455,82.81412339506873,0.012724487190399182,0.0,0.0,2.83
1962,8,72.17772763623901,73.5,61.968274126194146,83.4650157097972,0.01311405661921126,0.0,0.0,4.61
1962,9,64.57420723800543,65.1,55.34579792256846,75.2945470640307,0.013015201942970225,0.0,0.0,6.02
1962,10,56.837555733394304,57.8,47.983756577442236,67.48060512468543,0.010681056332270459,0.0,0.0,5.79
1962,11,44.57956761837622,45.5,36.69886590668704,54.22259770790479,0.011117652227396538,0.0,0.0,4.09
1962,12,35.06647464780699,36.6,27.27983001540129,44.90237470030826,0.008781394505394868,0.0,0.0,3.11
1963,1,29.618412066021627,31.8,21.51557465702738,40.086507845607606,0.00916302833255922,0.0,0.0,2.68
1963,2,35.31438830792491,37.0,26.557677525045683,46.393825053722665,0.011012241538936323,0.0,0.0,4.45
1963,3,44.926811553084036,46.2,35.55627128263337,56.1116975991827,0.011354581673306774,0.0,0.0,2.44
1963,4,52.90762866028989,53.1,43.332767830936305,63.91328519431724,0.01001792757260667,0.0,0.0,2.56
1963,5,61.616116285633645,61.8,51.64592228623065,72.66572944896114,0.009247177954847276,0.0,0.0,2.24
1963,6,68.65395297275221,70.6,58.9599486521181,79.31746994981911,0.015047792444242149,0.0,0.0,5.2
1963,7,73.00044822695035,74.9,63.037267362687246,83.79079716312057,0.012772434557163167,0.0,0.0,3.58
1963,8,71.49177981025962,72.7,61.85397862907809,82.3195137192524,0.011162022529008215,0.0,0.0,2.01
1963,9,66.16300561140986,67.1,56.482661054600726,77.53198456320898,0.010973795155823758,0.0,0.0,6.85
1963,10,59.13929812567652,61.7,48.58746510170361,71.35674643874643,0.005131067261990494,0.0,0.0,2.09
1963,11,45.3493578414045,47.2,37.193842437098574,55.29616925978312,0.016585040071237758,0.0,0.0,5.91
1963,12,31.754362722704432,33.0,24.04293301353435,41.176178504085485,0.008372379778051789,0.0,0.0,1.81
1964,1,34.412949229891616,36.1,26.119099777511554,44.56115362649915,0.01363718006286484,0.0,0.0,4.29
1964,2,34.36785190615836,35.3,25.649199462234172,44.789884410739404,0.011301397205588821,0.0,0.0,3.27
1964,3,41.38943228454172,43.0,32.24659596305166,52.59842492723848,0.01236815368984945,0.0,0.0,3.43
1964,4,52.06581014826629,53.1,42.78236058601134,63.04954795249069,0.013410583236770954,0.0,0.0,2.64
1964,5,61.78876102141303,63.5,51.547025138865024,72.88620018323408,0.010074215944457744,0.0,0.0,3.23
1964,6,68.8235190097259,70.4,58.836665880688514,79.66924074510729,0.011493574157693642,0.0,0.0,3.11
1964,7,73.43259479214254,75.7,63.65933752141633,84.2738735651876,0.013004299377029044,0.0,0.0,4.92
1964,8,70.62080647921064,71.8,61.18251369237792,81.50822253922968,0.014172948617970712,0.0,0.0,5.83
1964,9,64.76224333254662,65.5,55.24084332368747,75.94875125464958,0.011681159420289857,0.0,0.0,4.53
1964,10,54.602737529351124,55.8,44.436522486393585,66.62499856560905,0.007231621273044533,0.0,0.0,3.27
1964,11,45.0848369887374,47.0,36.7409142111816,55.2258347666212,0.012359749094442972,0.0,0.0,3.43
1964,12,35.05164286943059,36.9,27.816909487208903,43.874544932529425,0.013515568800739905,0.0,0.0,5.67
1965,1,34.11358929328408,36.0,26.571329900030292,43.673928333232276,0.006527737578388808,0.0,0.0,1.97
1965,2,34.60409446711715,37.3,26.499772514385118,45.02626181379449,0.008716668437267608,0.0,0.0,3.03
1965,3,40.39571100640328,39.9,32.69039507067779,49.98360447535531,0.007949266503667481,0.0,0.0,2.2
1965,4,52.89435910350038,52.7,44.39180885223195,63.20749275909835,0.007820500245218244,0.0,0.0,1.89
1965,5,61.990451526415214,64.6,52.58589360794589,72.50288238878733,0.004292241379310345,0.0,0.0,1.77
1965,6,67.34905731761145,69.2,58.38263337116913,77.27410770588978,0.010919730900377844,0.0,0.0,4.96
1965,7,72.03524690601643,73.9,62.786195698792966,82.20079034432055,0.008359593837535014,0.0,0.0,5.16
1965,8,71.0337109614207,73.5,62.192306749969376,81.30987382089918,0.00898674765323026,0.0,0.0,3.07
1965,9,64.50054721303131,65.7,56.43755886470663,74.36541865647882,0.01113546393743362,0.0,0.0,5.71
1965,10,54.97261036230988,56.6,45.49746334220132,66.24699987628355,0.005251873942129443,0.0,0.0,3.5
1965,11,46.81338202604001,48.2,39.27570829627747,56.05183891253255,0.007273240496800903,0.0,0.0,1.85
1965,12,37.835858803271634,39.0,30.813930746048342,46.68091927147428,0.007714815176046034,0.0,0.0,2.13
1966,1,30.3176140567201,32.5,23.36643641297644,39.05137603356781,0.01056199012992245,0.0,0.0,1.77
1966,2,34.8445281468292,35.8,27.345448318377972,44.09326666210014,0.010420441347270616,0.0,0.0,3.19
1966,3,43.3520462413452,46.1,34.44986087924318,54.10283788796835,0.006211773024571328,0.0,0.0,1.85
1966,4,51.440351891093556,52.4,42.42310705799242,61.93068225619941,0.006291377983063895,0.0,0.0,2.32
1966,5,60.30572457469266,62.5,50.94555389965226,70.82644135188866,0.008495248639173355,0.0,0.0,3.15
1966,6,68.82599409953822,71.0,59.00489353514623,79.2954592098512,0.0073006993006993,0.0,0.0,4.06
1966,7,74.1150380631474,76.7,64.55914877683475,84.52570982839313,0.006318934608161174,0.0,0.0,4.57
1966,8,71.08282984926494,73.0,62.24824120603015,81.20378388437442,0.0077002053388090345,0.0,0.0,4.92
1966,9,65.23073036582245,66.3,56.53202380190671,75.42332010751312,0.008515447006288162,0.0,0.0,3.78
1966,10,54.44073914382507,55.5,45.25007085207319,65.64966422278356,0.005266883645240033,0.0,0.0,3.54
1966,11,45.84714989888777,47.0,38.00671344585625,55.68401947764498,0.007493738985251832,0.0,0.0,4.33
1966,12,35.67047776350401,36.6,28.721551829641413,44.41653711977477,0.008674365807916296,0.0,0.0,2.28
1967,1,36.1569972535856,37.2,28.48997131172557,45.888223796726116,0.008405934045166777,0.0,0.0,2.87
1967,2,35.13863973063973,36.5,26.745821267425416,45.78733886751704,0.0077819825501944705,0.0,0.0,2.13
1967,3,45.12680456144608,45.9,36.46743113699794,55.852644055433984,0.006125122538098209,0.0,0.0,2.24
1967,4,52.867365835222984,51.9,44.36895356895357,63.20619329637096,0.00748790868639969,0.0,0.0,3.82
1967,5,59.183300054456346,58.7,49.76625113464448,69.69463842662631,0.007056777671506825,0.0,0.0,2.83
1967,6,68.50403054199523,69.9,59.68278149840396,78.35087620478157,0.010425571112748711,0.0,0.0,3.15
1967,7,72.09424013638578,73.6,63.292967180174145,82.038634841381,0.008943528776006484,0.0,0.0,2.52
1967,8,71.2468589083419,72.6,62.20176948248697,81.517949339474,0.008667590747639262,0.0,0.0,3.66
1967,9,64.69692830616226,66.4,55.76295876613157,75.30664861801927,0.006304198800342759,0.0,0.0,2.68
1967,10,55.365406427221174,56.7,46.22231168039037,66.40942475446836,0.0066055196134632704,0.0,0.0,5.31
1967,11,44.39051090303525,44.7,36.73744108590461,53.76887925073857,0.005749547317259125,0.0,0.0,1.42
1967,12,36.88543618445067,37.7,30.048776777020446,45.39013878743608,0.010706665258265554,0.0,0.0,3.58
1968,1,32.37668182906392,34.0,25.14068507096233,41.71502845163223,0.007718537498768109,0.0,0.0,2.2
1968,2,34.63531560397308,36.4,26.77947058069478,44.47249230374551,0.004984561945194906,0.0,0.0,1.61
1968,3,45.03218997361478,46.5,35.92045577211394,56.173150372327655,0.006541464260929909,0.0,0.0,3.19
1968,4,52.81349191600074,54.4,43.42059479553903,63.69765179677819,0.006167632150615496,0.0,0.0,2.72
1968,5,59.99935472306865,59.9,50.912536599940246,70.14401027663261,0.008269877328487052,0.0,0.0,2.76
1968,6,69.02479035964967,70.9,59.75365596073802,79.24592210696318,0.010095204199661891,0.0,0.0,4.33
1968,7,73.08987883537284,75.2,63.85245960935617,83.31429691268693,0.008232503952733628,0.0,0.0,5.31
1968,8,71.68848407951182,73.4,62.90131117824773,81.8374078549849,0.008057297847092727,0.0,0.0,3.43
1968,9,65.34804013797428,67.3,55.98171726041144,76.25991344163583,0.005336693381806164,0.0,0.0,2.87
1968,10,56.21697401253728,57.6,47.470529519172246,66.85086191143327,0.007556841670111617,0.0,0.0,5.2
1968,11,44.342329742329746,44.7,37.172321653642555,53.13775130774563,0.010603422692650114,0.0,0.0,2.52
1968,12,33.904069020375694,35.5,26.563004895960834,42.9891393568147,0.009674788562223117,0.0,0.0,2.44
1969,1,32.93451241080685,34.9,26.24282664389411,41.43885358103154,0.00811349197803381,0.0,0.0,2.36
1969,2,35.60022321428571,36.1,28.85231393775372,43.90056172171088,0.008068563746358951,0.0,0.0,1.89
1969,3,39.75522223582711,40.3,31.342181951757073,49.79785683669096,0.006917826917826917,0.0,0.0,2.6
1969,4,54.082754027654445,55.25,44.85587059942912,64.87421483408413,0.007126134301270418,0.0,0.0,3.66
1969,5,62.320003678273665,63.9,52.66277587052476,72.94519926425505,0.007853083017568032,0.0,0.0,3.66
1969,6,68.65031562838742,69.0,59.72203800535646,78.67901147959184,0.008282124186003851,0.0,0.0,2.76
1969,7,73.79677339443859,75.8,64.89482812016104,83.72662743883555,0.009565646594274432,0.0,0.0,3.23
1969,8,72.68435708945925,74.8,63.02316366581522,83.4248333437169,0.007628763373973626,0.0,0.0,5.87
1969,9,66.34681785875816,67.7,57.51660743134087,76.79264620355411,0.007714888381086307,0.0,0.0,4.69
1969,10,54.800219064905804,55.7,46.73825444527924,64.75554442426899,0.005334996436208126,0.0,0.0,2.17
1969,11,43.98655129950094,45.2,35.862023593466425,54.126199429460584,0.006057397603789356,0.0,0.0,5.24
1969,12,37.20098267716535,36.9,30.290712035286703,45.553135438331125,0.011553722460060563,0.0,0.0,3.23
1970,1,29.98495228464893,32.6,22.757268360510682,38.90282714565809,0.006298555377207062,0.0,0.0,2.4
1970,2,37.86898947368421,39.3,29.34721364402021,48.5672711935892,0.006262615752783269,0.0,0.0,1.85
1970,3,42.17291086350975,41.8,34.29664429530201,51.87254864676427,0.009124682472480947,0.0,0.0,2.28
1970,4,52.32243076519228,53.1,43.36643255661306,62.81713816869051,0.005749003596772626,0.0,0.0,3.15
1970,5,62.684521993389275,64.4,52.74402135909986,73.63152775128744,0.006118328651685393,0.0,0.0,2.28
1970,6,69.5334274643725,71.4,60.07238570677877,79.7845310036784,0.007350348879911862,0.0,0.0,3.78
1970,7,73.88198726114649,76.0,64.42081024269062,84.42089438144987,0.006712005803409503,0.0,0.0,3.11
1970,8,73.26226583407671,75.4,63.82135619144733,83.84139798649164,0.007346903118721062,0.0,0.0,3.19
1970,9,66.3519035953122,68.7,57.409921186833564,77.13366671082264,0.007276520771513353,0.0,0.0,3.39
1970,10,55.028560436037196,57.2,46.84687961003142,65.05386984982673,0.006908109114607579,0.0,0.0,2.76
1970,11,44.880081382162636,46.1,37.120699086118336,54.46806251252254,0.005732882838119845,0.0,0.0,2.24
1970,12,37.33491549569384,38.4,29.95151534775288,46.29403990671159,0.008147576412472986,0.0,0.0,2.28
1971,1,30.91907540394973,33.1,23.554800568734564,40.373130193905816,0.007774101540216771,0.0,0.0,1.89
1971,2,35.6190818397024,37.0,27.91150300262201,45.370903859174,0.017316092724105586,0.0,0.0,2.38
1971,3,40.799440242057486,41.3,32.36833585476551,51.23490080266545,0.012227711901624945,0.0,0.0,5.43
1971,4,50.935313892580716,52.0,41.119364930392614,62.380317609324884,0.008125727590221187,0.0,0.0,3.39
1971,5,59.33045478542876,59.8,50.00904427849438,69.82611647555824,0.013017866811044937,0.0,0.0,2.99
1971,6,69.80911078148178,72.6,60.342090880699566,80.2037632729544,0.012271190023250899,0.0,0.0,3.11
1971,7,72.33366742596812,73.9,63.000842952612395,82.6430480674311,0.017571277719112988,0.0,0.0,2.68
1971,8,71.72073104623249,73.6,62.61486214374225,82.07448884758365,0.017685657743985003,0.0,0.0,6.06
1971,9,66.06697933227345,68.8,57.793940839694656,76.17436590601892,0.014371419306020969,0.0,0.0,4.88
1971,10,57.26349610429684,59.6,49.36618316487925,67.03974378762155,0.014177715996578272,0.0,0.0,2.52
1971,11,44.21608585458578,44.55,36.70232097591888,53.48142189109931,0.010872206303724928,0.0,0.0,2.32
1971,12,38.44049065600246,38.9,31.92904292968149,46.51848487181461,0.020605620794300037,0.0,0.0,5.12
1972,1,33.47349302655425,35.5,26.09654737505912,43.0614412136536,0.013994306226018072,0.0,0.0,2.73
1972,2,35.03244855102898,36.4,27.20501512096774,45.15313891923691,0.01448676565526146,0.0,0.0,1.85
1972,3,43.24546529968454,45.5,34.694873008360936,53.95440816003796,0.012640417564960853,0.0,0.0,2.24
1972,4,50.885509255483974,51.6,41.787285923992826,61.85139217767617,0.011105214582371943,0.0,0.0,2.36
1972,5,61.21720438589572,63.0,51.899108551593564,71.45897294312535,0.015499240286520513,0.0,0.0,3.74
1972,6,67.85036939747168,68.9,58.80524630541872,77.92758394220508,0.02128390804597701,0.0,0.0,5.51
1972,7,72.79445024496025,74.2,63.71699204627621,82.96465863453815,0.012941744448020598,0.0,0.0,3.54
1972,8,71.74363205684958,73.2,62.97754699099668,81.93884545526336,0.01253522618921496,0.0,0.0,2.87
1972,9,65.24337074995933,66.7,56.99229392139312,75.39075671277462,0.014218749999999999,0.0,0.0,7.28
1972,10,53.638466981132076,54.0,46.063672827369246,63.295665512901195,0.015004927187123616,0.0,0.0,6.56
1972,11,42.461662892267874,41.9,36.57891585760518,49.85453074433657,0.0238006190353366,0.0,0.0,3.35
1972,12,34.526429479034306,36.1,28.18612854532454,42.725610240915955,0.019940648723257418,0.0,0.0,2.83
1973,1,31.923435478505155,33.9,24.420236287544906,41.03272046558179,0.15129061899590676,0.0,0.0,11.81
1973,2,35.08155379462462,35.6,27.03045647905759,44.94837390059317,0.18897561434893134,0.0,0.0,12.2
1973,3,45.40070291048874,45.9,37.672432134996335,54.8198328935796,0.23011779481183142,0.0,0.0,13.78
1973,4,50.73482494695362,51.3,41.6610946633265,61.06637836197413,0.22920344827586206,0.0,0.0,14.17
1973,5,60.09435564251172,60.3,49.94217571365183,70.9074169837107,0.18504718761796904,0.0,0.0,14.17
1973,6,69.57671913202934,71.7,58.78814987931497,80.5990633482433,0.10672915403931077,0.0,0.0,18.03
1973,7,72.9325906316641,74.9,62.247839563115754,84.01949093316658,0.0979789089097401,0.0,0.0,8.03
1973,8,72.13527282036279,74.5,61.52828964252979,83.28450956718984,0.08399287060558878,0.0,0.0,14.61
1973,9,65.1224732370757,65.8,55.35603635946989,76.19500304924532,0.11360357265544486,0.0,0.0,7.76
1973,10,56.534628988283835,57.6,46.325619255048174,68.32469126700336,0.08032173449731546,0.0,0.0,7.2
1973,11,44.7900956126147,45.0,36.360775529120964,54.756000926784054,0.09380500200615219,0.0,0.0,18.23
1973,12,36.14363392757453,36.4,27.96260532398777,46.00730223880597,0.10456266232337016,0.0,0.0,18.03
1974,1,33.64115512773047,35.5,25.838489221979003,43.13227053140096,0.09834951884876844,0.0,0.0,18.15
1974,2,35.311058302945874,36.9,25.63399696235787,46.68302599696086,0.06852413529158494,0.0,0.0,8.11
1974,3,44.67065990223671,45.2,35.08263950727219,55.91656712542196,0.08569634849455476,0.0,0.0,17.09
1974,4,52.61010108745596,53.4,41.639996164908915,64.42,0.08097608695652174,0.0,0.0,18.07
1974,5,60.97548878293972,61.2,50.40048158850115,71.84178066996968,0.09695296181802991,0.0,0.0,8.54
1974,6,68.50105673184466,69.4,57.112188419259944,79.51211992591449,0.09161527801836133,0.0,0.0,12.44
1974,7,73.64318013068012,75.6,62.49599687488374,84.70916081578068,0.0794980855668387,0.0,0.0,13.11
1974,8,70.97527170909628,72.1,60.64954725209743,81.81029715381212,0.11562331017844515,0.0,0.0,11.02
1974,9,63.61172938656876,63.8,53.20605769600123,74.98617742862618,0.0977418807047336,0.0,0.0,10.12
1974,10,54.200160795752,55.2,43.6251612419379,66.04404150900986,0.06780122984876184,0.0,0.0,18.07
1974,11,43.838868473434395,44.1,35.239226604201065,53.77889528193326,0.07709411505400045,0.0,0.0,10.47
1974,12,35.48895914396887,35.75,27.552210897099606,44.298297840431914,0.08599037904770389,0.0,0.0,18.03
1975,1,33.82863788611835,34.8,25.226038285010635,43.66338895733005,0.0853099528572058,0.0,0.0,10.16
1975,2,34.37515814390075,34.9,25.90585806557109,44.050940541424715,0.08704691041687199,0.0,0.0,5.04
1975,3,39.9072820701046,39.7,30.94499080544318,50.05914353979048,0.09961234424545577,0.0,0.0,7.2
1975,4,47.90293691357083,47.7,38.316909854851026,58.10869648245045,0.0805013628848474,0.0,0.0,11.18
1975,5,61.46270225626009,62.6,50.89521750573373,72.36179674002854,0.09013673856468617,0.0,0.0,10.55
1975,6,68.12999460251369,69.9,57.95337247933246,78.53267227409522,0.09987292542848097,0.0,0.0,7.17
1975,7,73.25842835246178,75.3,62.91044720170934,83.84688832373402,0.1094547811180332,0.0,0.0,10.51
1975,8,71.75456180448874,73.8,61.50994689465557,82.67959880014998,0.09750733629579945,0.0,0.0,12.76
1975,9,63.57751903763381,63.3,53.78159020504499,74.35148033583738,0.09768000986355417,0.0,0.0,13.35
1975,10,55.7557382060252,57.0,46.03544118647527,66.72134399455598,0.07166591046581973,0.0,0.0,8.11
1975,11,44.822459328121695,47.3,35.896887996052726,55.00631616090332,0.06748759477591203,0.0,0.0,7.99
1975,12,35.790477331872346,36.8,27.671797510031894,45.27473409730323,0.07135429651373196,0.0,0.0,5.63
1976,1,31.73957184670887,33.1,22.70892485943091,42.108375677795586,0.06628080162195883,0.0,0.0,5.71
1976,2,39.65829440521456,41.7,30.107966943346984,50.70562193571818,0.057326953489315116,0.0,0.0,5.08
1976,3,43.834593727604684,44.7,34.35560983942603,54.694992137827306,0.07510449503794513,0.0,0.0,11.81
1976,4,52.761708047191405,52.8,41.987526002185945,64.3576298071839,0.06393403088412618,0.0,0.0,8.15
1976,5,59.6386351975372,60.4,48.95250239956122,70.9770453611073,0.08798579013713283,0.0,0.0,10.35
1976,6,68.57745035686524,70.5,57.763778635414084,79.60482941488422,0.0785567611713919,0.0,0.0,8.07
1976,7,72.53078411053541,73.9,62.026433440603476,83.4358505564388,0.08091884846858588,0.0,0.0,11.1
1976,8,70.9074857886446,72.1,60.27813143092331,82.0991020939717,0.07033358462118357,0.0,0.0,12.01
1976,9,64.76803983864635,65.8,54.64465970832142,76.20524641721168,0.08186594773299749,0.0,0.0,11.69
1976,10,51.95789895470383,52.3,42.0896445886087,63.29223957607029,0.08172792417938049,0.0,0.0,7.01
1976,11,41.30711257992672,41.5,32.0083663045824,52.46336644353272,0.050157103020305564,0.0,0.0,4.29
1976,12,33.26135797706309,34.2,23.59082195147642,44.68643329115703,0.05553258145363408,0.0,0.0,5.24
1977,1,27.13516093075101,27.7,18.666377296656556,36.910398770863885,0.055991643454038995,0.0,0.0,6.18
1977,2,37.11946644746675,37.5,27.362268882401377,48.353488023952096,0.04355145342669213,0.0,0.0,12.05
1977,3,44.34856442459451,45.2,34.72115274743741,55.27003328514272,0.0760617406586689,0.0,0.0,7.24
1977,4,54.11543341862666,56.1,42.97213149299336,66.04778487678158,0.05883041842789002,0.0,0.0,7.05
1977,5,62.26078774617068,64.3,51.79178797681629,73.20946719655126,0.06166753692376548,0.0,0.0,11.02
1977,6,69.50398821898823,70.5,58.914021448651646,80.51892641653373,0.06682836253916676,0.0,0.0,10.71
1977,7,74.20188059094605,75.9,63.62338072133817,85.27089959648707,0.06238509917755201,0.0,0.0,11.65
1977,8,72.02636295743092,73.0,62.521051915819534,82.56373887643502,0.09226705824020749,0.0,0.0,10.83
1977,9,66.35676529832604,66.8,57.28598017046443,76.637714663144,0.09153213810381274,0.0,0.0,5.67
1977,10,54.803770860615835,54.2,45.126935879761945,65.99313000201762,0.0641538289380432,0.0,0.0,6.65
1977,11,44.86357354392892,46.7,36.582440728196445,54.63509744386386,0.07711619846036032,0.0,0.0,14.02
1977,12,35.16068194106516,36.4,27.318926324335294,44.46056018424439,0.07725171841668642,0.0,0.0,5.05
1978,1,29.569686935580975,29.6,22.254333054393303,38.080448256222994,0.09195077339059206,0.0,0.0,8.94
1978,2,30.703334066901405,30.75,22.629009762900978,39.70981133460579,0.050213506515556686,0.0,0.0,5.47
1978,3,42.138836971237986,42.0,32.88442931729562,52.55082677425755,0.06105984433769039,0.0,0.0,5.28
1978,4,52.246902231486864,51.5,42.546085202407,62.96516669516157,0.0625326923076923,0.0,0.0,17.13
1978,5,60.78819653676787,60.7,50.77275438189589,71.41114571598968,0.08885245901639344,0.0,0.0,13.27
1978,6,69.1540016530064,70.1,58.546320182094085,80.02469939707149,0.07004198025793276,0.0,0.0,7.72
1978,7,73.0994135483656,74.2,62.73842456608811,83.92774240858638,0.07562367478248154,0.0,0.0,12.13
1978,8,72.12155336562553,73.3,62.009108553071876,82.9531586335985,0.07221349386975993,0.0,0.0,10.28
1978,9,66.24298704877377,67.2,56.47273166522864,77.29365582870737,0.06566883092227664,0.0,0.0,12.13
1978,10,55.026635904637715,55.4,44.59801426514416,66.95997253575375,0.039828552708212,0.0,0.0,5.12
1978,11,44.292911146563085,45.5,36.131113116517994,54.14202943831147,0.06665338483431592,0.0,0.0,5.28
1978,12,34.13014996569412,34.6,25.8854639377493,43.81033015935343,0.06565494832445976,0.0,0.0,5.39
1979,1,27.473245906004525,28.6,19.90972953167677,36.12752541243126,0.0933617637592533,0.0,0.0,5.83
1979,2,29.056240985243534,31.2,20.64680583314827,38.89085044858012,0.07227354683609513,0.0,0.0,5.39
1979,3,43.749500632532126,44.1,34.830374392112454,54.16605238603039,0.0620687486900021,0.0,0.0,10.91
1979,4,51.28729974380871,51.5,41.83232841126607,61.65279193024448,0.07331071913161465,0.0,0.0,16.22
1979,5,60.374376869391824,60.8,50.365264978874876,71.05362820086465,0.07667964309091536,0.0,0.0,10.59
1979,6,68.23119672807259,68.9,57.408309238606634,79.15772841374093,0.06296227277521887,0.0,0.0,5.59
1979,7,73.0030348759222,74.1,63.005677544990604,83.4551589963773,0.07979011880713527,0.0,0.0,11.85
1979,8,71.38108994744418,72.1,61.83683222736108,81.84857994507334,0.07375538032436899,0.0,0.0,6.69
1979,9,66.62749800713964,67.1,56.08835504603092,77.94161348501665,0.08097659574468084,0.0,0.0,11.14
1979,10,56.02766444489329,56.6,46.32676891960223,67.21299375948726,0.05611880147187664,0.0,0.0,13.39
1979,11,44.183929707941445,44.2,35.58778407079646,54.19975578679125,0.06426966708682434,0.0,0.0,11.5
1979,12,37.25423306269582,38.0,28.755182299571654,47.519909456400555,0.04519512538743308,0.0,0.0,8.11
1980,1,33.091019730151196,33.9,25.665033090106906,42.02725265767754,0.05669650209444703,0.0,0.0,5.71
1980,2,34.31742021276596,33.6,25.95336642209754,44.04245371370939,0.04655707313382013,0.0,0.0,10.2
1980,3,41.155631789594054,41.0,32.25228221354517,51.46653076352854,0.07933864118895967,0.0,0.0,11.1
1980,4,52.64953745253711,52.8,42.16401494189264,63.82740284884525,0.0609162152401589,0.0,0.0,8.98
1980,5,61.454409556541755,61.7,51.185460862593125,72.13296941773505,0.06435547613320046,0.0,0.0,13.43
1980,6,68.83201798374546,69.1,57.968213778532096,79.85309581459703,0.057645698427382056,0.0,0.0,11.02
1980,7,75.36408880790903,76.3,64.36195075821541,86.52341545730678,0.05227575956586361,0.0,0.0,9.72
1980,8,73.1221916131007,74.4,63.08083736458404,84.08086503777308,0.06102861724005716,0.0,0.0,9.41
1980,9,66.74308013937282,67.0,56.811911492688374,77.93612079787977,0.06525474740236474,0.0,0.0,15.39
1980,10,54.2356351637992,54.5,44.29123203562512,65.57609413986108,0.05167808100121676,0.0,0.0,7.09
1980,11,44.455888354719335,43.7,35.6302416562803,54.57949925546282,0.04808964050048679,0.0,0.0,18.82
1980,12,35.164955053119044,37.0,26.502206383849405,45.5846605855625,0.036560636892649316,0.0,0.0,6.54
1981,1,33.64496234479951,34.0,24.905187398153178,44.02353820541569,0.028791383140006347,0.0,0.0,5.0
1981,2,38.46921866216976,40.0,29.178156778865997,49.174823175319794,0.06176701931018209,0.0,0.0,7.72
1981,3,44.35683591770548,43.6,34.68468483700798,54.99883681612227,0.0483955197759888,0.0,0.0,7.28
1981,4,55.44583232414103,55.9,45.057807032738616,66.77695344970905,0.04998026126902096,0.0,0.0,11.46
1981,5,60.71236129380418,60.5,50.480739115761054,71.51342915949658,0.07292315175097276,0.0,0.0,12.01
1981,6,70.67398985481896,71.6,60.465274809962516,81.18984005879676,0.07772530641672674,0.0,0.0,14.02
1981,7,73.84140853700048,75.1,63.91389618810361,84.18794700633472,0.0734591655338283,0.0,0.0,11.14
1981,8,72.2204073428916,72.7,62.14905603332438,82.70622025604933,0.0710253866155741,0.0,0.0,13.39
1981,9,65.4847175497617,66.5,55.27864844929928,76.49851960990668,0.056987678339818416,0.0,0.0,10.79
1981,10,53.9529033141605,53.6,44.93964630886284,64.35697933445286,0.0688479948941602,0.0,0.0,6.89
1981,11,46.153111682456945,46.7,37.22578017560562,56.4302980074061,0.04600890966187103,0.0,0.0,5.08
1981,12,35.872401128982894,35.7,28.245516443112958,44.59384023426859,0.05378909483534281,0.0,0.0,6.26
1982,1,28.44058627347727,29.3,19.688418684756247,38.77707158962796,0.06474365135105165,0.0,0.0,5.75
1982,2,35.2054670651886,36.0,26.751412771759718,45.02572456904717,0.05708049328237658,0.0,0.0,9.07
1982,3,43.56737288135593,43.2,34.75198181077779,53.54684476730371,0.055198974394998414,0.0,0.0,11.87
1982,4,50.27383963288612,51.5,40.08743598737286,60.914240117849246,0.060482462471131634,0.0,0.0,19.02
1982,5,61.93199972921744,62.9,51.81326762185415,72.2289710763395,0.06716013546202225,0.0,0.0,11.9
1982,6,67.01149707852359,66.8,57.212296338550395,77.02442979330007,0.08286722701306262,0.0,0.0,10.93
1982,7,73.35445110620245,75.2,63.299894736842106,83.54329405162738,0.07440836093010006,0.0,0.0,12.01
1982,8,71.68823347957225,72.7,61.87991216934848,82.06221803222489,0.05976343335659456,0.0,0.0,9.56
1982,9,65.214087629773,65.5,55.863590249401156,75.52282122609951,0.061704828183031045,0.0,0.0,13.39
1982,10,55.07656499168731,55.5,45.503821720963415,65.70737696566246,0.04818604489781756,0.0,0.0,5.71
1982,11,44.61180204826038,44.8,36.57132223860684,53.76766492293648,0.06723772788472035,0.0,0.0,10.08
1982,12,39.40372383252818,39.2,32.03786479497599,48.001041037007184,0.07287243314855489,0.0,0.0,11.81
1983,1,35.04253159451466,35.6,27.660314897052885,43.61125538213132,0.04811241201477455,0.0,0.0,8.94
1983,2,38.48820088300221,39.0,30.708566485053748,47.366091022903014,0.06697581260491378,0.0,0.0,11.1
1983,3,44.07545391636735,44.4,36.09381059157158,53.12881540338268,0.0798565151723191,0.0,0.0,5.59
1983,4,49.56191842798298,49.6,40.42156279572799,59.21011657374556,0.07898411035446133,0.0,0.0,10.93
1983,5,59.50184811609293,59.5,49.37354378420641,69.73164647648821,0.0719255614686883,0.0,0.0,9.02
1983,6,68.33646521768755,69.6,58.068447065239624,78.49116464495026,0.06519806261892407,0.0,0.0,11.1
1983,7,74.36693484042553,76.4,63.754946261604495,84.8050216162288,0.049310670125669614,0.0,0.0,10.04
1983,8,74.43409798080106,76.4,64.31779065915866,84.96135204926173,0.05855503813187555,0.0,0.0,10.93
1983,9,66.37562947483814,67.8,56.13553489329582,77.40281636993585,0.057715272207303034,0.0,0.0,10.83
1983,10,56.04276921124437,56.6,47.14062678605448,66.09330369899985,0.05942845970869041,0.0,0.0,7.85
1983,11,45.690070921985814,46.5,37.949071102032875,54.66516129032258,0.0809573209880715,0.0,0.0,5.04
1983,12,30.883549660508447,32.2,23.717216302526325,39.08048016701461,0.07161263396881573,0.0,0.0,8.86
1984,1,31.546172746172747,33.1,23.505587966320835,40.51861697095828,0.03518928477862195,0.0,0.0,5.12
1984,2,38.467319818292765,40.2,29.587087800244266,48.27894415416978,0.05221138667695654,0.0,0.0,4.46
1984,3,41.99344349847633,41.2,33.08097544102387,51.719250715026554,0.0595413855734302,0.0,0.0,6.85
1984,4,51.14020145017881,50.6,41.55116424184702,61.323188786396614,0.06171028667790894,0.0,0.0,6.5
1984,5,60.89353954459085,60.9,50.41201447602408,71.47308771273612,0.06792925571112748,0.0,0.0,14.72
1984,6,69.45179550963132,71.1,59.0756040729037,79.70589943207197,0.057391943066074695,0.0,0.0,10.0
1984,7,73.04143135651846,74.4,62.653627800006305,83.4471800843457,0.07080604372739203,0.0,0.0,12.13
1984,8,73.07037792065235,74.8,62.919519472361806,83.53298596942778,0.06013429027113238,0.0,0.0,12.05
1984,9,64.6656998617319,65.8,54.415255328739775,75.74321444666195,0.04789240464780411,0.0,0.0,9.79
1984,10,56.015566505516304,57.7,47.53598820974247,65.65452176341017,0.06782336291066375,0.0,0.0,10.0
1984,11,43.82124205378973,44.0,35.2544624217119,53.63466144558655,0.058672909698996654,0.0,0.0,9.04
1984,12,38.39098017762904,39.0,30.38900734346818,47.72551681878286,0.05081154102735157,0.0,0.0,5.35
1985,1,30.7139383910387,30.7,22.634149837548577,39.97859968102074,0.03663303659742829,0.0,0.0,4.5
1985,2,34.10913360267965,35.6,25.26941774427771,43.87169178650443,0.05114952803203661,0.0,0.0,5.79
1985,3,45.17844660790516,45.3,35.76145663602545,55.59870892379577,0.04930201723648073,0.0,0.0,7.28
1985,4,54.410829076371485,56.8,43.67308584686775,65.51872262078598,0.04008573098655582,0.0,0.0,11.61
1985,5,62.56943457092506,63.7,51.98431782853043,73.04044702085699,0.05375474398058856,0.0,0.0,9.8
1985,6,68.20681494331205,68.9,57.8183606353934,78.54317456382287,0.06026716093570242,0.0,0.0,10.71
1985,7,73.42103273071014,75.1,62.95971103742303,83.78167848699763,0.05899757114156347,0.0,0.0,10.56
1985,8,71.1729335306235,71.9,61.36596901252871,81.1991668843798,0.06691315283325935,0.0,0.0,9.25
1985,9,64.56088443537742,65.2,55.43884851033157,74.54404551049204,0.06291538461538461,0.0,0.0,7.83
1985,10,56.04925044219561,56.3,47.32113939112517,65.90395485143918,0.06472264631043256,0.0,0.0,9.45
1985,11,43.562522378516626,45.9,36.16185250359942,52.07675319271517,0.07296063458626818,0.0,0.0,8.9
1985,12,33.45653938618128,34.0,25.03266856303335,42.919372595627564,0.03605285864945192,0.0,0.0,5.09
1986,1,36.74671160955606,37.8,27.767785067943652,47.182824510627704,0.0346562371346233,0.0,0.0,9.45
1986,2,38.167716243123756,37.7,30.111480005403944,47.35337730424489,0.055882558180105374,0.0,0.0,9.04
1986,3,46.650445909267155,48.2,36.48133639865046,57.5294625261272,0.040661048517602515,0.0,0.0,9.04
1986,4,53.52667418330712,54.0,43.287505568590184,64.24104406699132,0.03816115828700593,0.0,0.0,9.04
1986,5,61.96381046054154,63.3,51.75897495294628,72.1689132071102,0.051659033830698774,0.0,0.0,12.01
1986,6,69.95051534143226,71.5,59.7709652486697,80.1896087692719,0.062328534626458564,0.0,0.0,12.72
1986,7,73.28296685833165,74.9,63.38196754505221,83.19551945424061,0.056663332254552945,0.0,0.0,9.79
1986,8,71.08208998380753,72.2,61.23382054992764,81.27915991668596,0.06231083904764708,0.0,0.0,8.51
1986,9,64.91327399380806,65.2,56.3508612468709,74.29963067758749,0.06539212992642794,0.0,0.0,11.02
1986,10,55.70118109082383,55.7,46.76346672925713,65.73834085977361,0.059050958673208316,0.0,0.0,10.35
1986,11,44.46906955460647,44.2,36.67725315334575,53.56845063538612,0.05963777040896889,0.0,0.0,6.94
1986,12,38.10274695776664,36.9,30.94015527022992,46.31755061816879,0.0495508084211828,0.0,0.0,12.02
1987,1,34.51653227006279,34.7,26.65573174366617,43.4288924654268,0.05129501987083954,0.0,0.0,5.35
1987,2,38.79788727816421,38.1,30.476086815046205,48.12380255108681,0.047872859003038296,0.0,0.0,4.33
1987,3,44.52403767642599,45.4,35.09809710327088,54.723152968704305,0.051604279677525705,0.0,0.0,14.03
1987,4,54.17143417046037,54.5,42.81873371705544,65.51661066206522,0.03299147674634056,0.0,0.0,5.16
1987,5,63.362805127904934,64.8,53.32167317116113,73.56987820983126,0.055484920871902065,0.0,0.0,5.2
1987,6,70.15032444549315,72.3,59.94139745219165,80.21900386990045,0.0622222556210172,0.0,0.0,4.61
1987,7,73.26410292863235,75.6,63.309018658310784,83.11899271153627,0.05118303184418887,0.0,0.0,10.0
1987,8,72.02031214399636,72.8,62.07899277287399,82.23158044911119,0.05511800521890403,0.0,0.0,17.09
1987,9,65.84328153698142,66.6,55.71956636390273,76.40421637426901,0.05669895945461069,0.0,0.0,10.75
1987,10,54.290083601649435,54.0,43.839471070627965,65.5535997498792,0.031320383859405714,0.0,0.0,5.8
1987,11,46.25472472091183,46.8,37.89133437160236,55.646673939965794,0.054901686673757784,0.0,0.0,8.82
1987,12,37.70561398481158,37.7,30.283345314431948,45.910284444957306,0.05395918367346939,0.0,0.0,9.84
1988,1,31.48172471734116,32.7,23.217572660309482,40.69697699764814,0.03839631254970106,0.0,0.0,4.62
1988,2,35.7879441740887,36.8,26.298293641050822,46.32715908389407,0.03991070863149895,0.0,0.0,10.51
1988,3,44.14351261357864,44.2,34.056429360605115,54.94993601228565,0.04136068425630617,0.0,0.0,5.55
1988,4,52.57838953689803,52.5,42.00609179738468,63.65523117185228,0.04515480700923514,0.0,0.0,7.58
1988,5,61.90626181737292,63.1,50.764400680632654,72.6048469102693,0.04045731620878342,0.0,0.0,4.33
1988,6,70.18748491292604,72.2,58.714557764333044,81.21569757390652,0.03451886133426476,0.0,0.0,6.9
1988,7,74.2351817360876,76.2,63.57224187204663,84.79542023577305,0.05596048109965636,0.0,0.0,4.92
1988,8,73.2072154841601,75.4,63.106598685319405,83.69398378090187,0.056283882000855066,0.0,0.0,7.24
1988,9,65.28019584621163,65.9,55.20028145311049,75.9881740391588,0.058650111804166176,0.0,0.0,6.84
1988,10,54.28186830187617,54.8,44.533064857990674,64.82659968869393,0.03578210274031937,0.0,0.0,4.88
1988,11,46.01970314318976,46.4,37.58892589022288,55.239625516453245,0.061516770374867205,0.0,0.0,7.48
1988,12,36.9672643573641,37.3,28.227386282617996,46.77067391615395,0.03326063152910538,0.0,0.0,4.13
1989,1,36.26727776834719,37.9,27.56552399886396,46.11578572243129,0.03824847668150926,0.0,0.0,4.92
1989,2,33.642008094645085,33.2,25.297831995251634,43.1326988315115,0.04018805921587767,0.0,0.0,5.98
1989,3,44.00724002375633,44.4,34.53391371034169,54.55174962895308,0.050977437007989235,0.0,0.0,5.47
1989,4,53.85894329363789,53.3,43.314087478457246,64.6450319892873,0.03831622922532014,0.0,0.0,5.08
1989,5,61.44535333841937,61.5,51.16872693203111,71.64216210071615,0.062337643511538914,0.0,0.0,7.76
1989,6,68.68374837310195,69.6,58.86334435933148,78.68921955751699,0.08339906798753202,0.0,0.0,13.58
1989,7,73.68790096939208,75.0,63.565491319641446,83.7454530006514,0.05961951397548587,0.0,0.0,5.98
1989,8,71.45652756829227,72.1,61.94560353507104,81.35095995305034,0.05939545454545454,0.0,0.0,10.39
1989,9,65.27464089840689,65.4,55.467135003054366,75.82949767711962,0.0684319470699433,0.0,0.0,5.83
1989,10,55.91806562166414,56.6,46.069802509424406,66.92089825074525,0.0477329943952712,0.0,0.0,8.63
1989,11,45.00758737283936,45.8,36.052455428788186,55.23028666510976,0.04467662337662338,0.0,0.0,10.0
1989,12,31.38999142612175,32.0,22.874729396941756,41.33675863255708,0.035368680002589505,0.0,0.0,5.63
1990,1,39.20552031351321,39.2,30.875175683684702,48.832196402857384,0.05789436732088718,0.0,0.0,5.63
1990,2,38.719805336152746,39.9,29.781262836870603,49.030965130759654,0.06257625924621345,0.0,0.0,7.44
1990,3,46.43936550869185,46.4,37.34433068201049,56.723865944482064,0.05570293188147314,0.0,0.0,10.63
1990,4,54.13439188991791,54.1,44.26980442599468,64.8158064044451,0.04977357029964843,0.0,0.0,4.27
1990,5,60.64197450974876,59.9,51.12029238612997,70.58389820966107,0.07594302401441487,0.0,0.0,6.3
1990,6,70.56073096923936,71.5,60.18557635699988,80.8544110732338,0.05072558906542352,0.0,0.0,7.05
1990,7,73.45542227172766,74.5,63.63376315187557,83.57742414719159,0.06137324159960686,0.0,0.0,10.63
1990,8,72.64756000905797,73.3,62.820770234246496,82.79449478930675,0.06000885415076482,0.0,0.0,5.81
1990,9,67.48365748481915,68.3,57.6462515434821,78.09783387144115,0.048395628761482415,0.0,0.0,10.28
1990,10,56.43052072743703,56.4,46.49205877356888,67.49903587887698,0.06294712333803075,0.0,0.0,12.17
1990,11,47.084939741285325,48.2,37.86395681543317,57.577637479348596,0.042505297630514347,0.0,0.0,5.63
1990,12,36.28784407640372,38.0,27.74318280315507,46.161432913590964,0.058489318744301154,0.0,0.0,7.28
1991,1,33.814313340727466,34.4,26.052924600802665,42.80617579226104,0.060354339538013,0.0,0.0,8.11
1991,2,41.13430367808865,41.9,31.94333134065381,51.69370063874642,0.037590082301680615,0.0,0.0,6.1
1991,3,45.415591336886266,44.9,36.49376932898283,55.554330104808706,0.07051012560881825,0.0,0.0,10.16
1991,4,54.40457014367481,54.3,44.949082086061736,64.41800093496173,0.06853694502324091,0.0,0.0,10.42
1991,5,63.24405250205086,64.5,53.951228080115584,73.06326051276247,0.0724658335385373,0.0,0.0,7.8
1991,6,69.58980621183967,71.0,59.672505169867065,79.56862698810824,0.05808773304088987,0.0,0.0,6.5
1991,7,73.43576128362,75.0,63.46155291532969,83.6751493808273,0.06308837611589904,0.0,0.0,5.34
1991,8,72.55354075095522,74.1,62.698110707908526,82.93457293941832,0.06259280867135444,0.0,0.0,5.9
1991,9,65.61844248941023,66.1,55.9140256037069,76.31599146489643,0.05795816511428299,0.0,0.0,6.97
1991,10,56.19295952661362,57.5,46.27915370434382,67.3058618705036,0.046305907825549025,0.0,0.0,7.17
1991,11,42.93167261904762,43.1,35.04801346199667,52.22831025755546,0.047643883700907344,0.0,0.0,5.39
1991,12,38.33085691023815,38.3,30.728512781692192,47.144726733019034,0.05848682519280205,0.0,0.0,6.85
1992,1,36.21558210836987,36.9,28.450751448402457,45.216343752690946,0.05065844534618311,0.0,0.0,5.94
1992,2,40.3623210431928,40.6,32.298359957401495,49.87061007150464,0.055551779220337834,0.0,0.0,17.95
1992,3,45.02763042679999,45.7,35.93560606060606,55.20192541491136,0.055494625671791024,0.0,0.0,10.43
1992,4,52.90827649982661,53.6,43.18919098718653,63.36453478286011,0.04273478752828766,0.0,0.0,5.6
1992,5,61.318111207694244,62.5,50.92233061568738,72.00093169444912,0.043983071053886505,0.0,0.0,7.28
1992,6,68.01807037907312,68.6,58.144810356575064,78.05389606709736,0.06736195392929384,0.0,0.0,6.85
1992,7,71.11849557522125,71.8,61.84833808422524,81.14777177854783,0.07771997430956967,0.0,0.0,13.82
1992,8,69.63129738387613,70.3,59.86598142348564,80.1709125424454,0.07137727298801123,0.0,0.0,13.9
1992,9,64.23253110674524,65.5,54.462271805273836,75.11719847975283,0.06371619443874711,0.0,0.0,19.02
1992,10,54.72618038337466,55.9,44.81779078782046,65.91129092559953,0.04337676346192058,0.0,0.0,7.76
1992,11,43.43250596387595,42.8,36.20171938500014,51.84733492442323,0.08201970132289331,0.0,0.0,7.92
1992,12,35.36752371786058,35.9,28.000842186381902,43.868660827411446,0.06038507563437759,0.0,0.0,5.43
1993,1,33.419865095446305,34.0,26.040398889304214,42.13717489986649,0.07150724899235998,0.0,0.0,7.46
1993,2,33.41050094629761,33.650000000000006,25.190163740265895,43.093538352146474,0.05559612932753605,0.0,0.0,5.56
1993,3,42.40686785429407,42.1,33.70176750871776,52.38086759813706,0.06662899636959832,0.0,0.0,5.08
1993,4,51.18608009241432,50.9,41.472670927221635,61.78414429299188,0.06793811651125836,0.0,0.0,6.81
1993,5,61.38484639465167,62.4,51.25820752711036,72.11299784786247,0.06491618365723377,0.0,0.0,7.65
1993,6,67.74902162998345,68.9,57.91613096372098,78.06874116367592,0.08300816789233498,0.0,0.0,7.01
1993,7,72.33447386797013,73.2,62.79864755644162,82.44431160298355,0.07467535058716224,0.0,0.0,6.42
1993,8,71.61086300862479,72.7,61.96392168307113,82.16613215298577,0.07165472276086896,0.0,0.0,5.63
1993,9,63.64778415300546,63.55,53.85897133452202,74.67705672787066,0.07737521691814464,0.0,0.0,9.94
1993,10,54.05729560082983,53.8,44.854771872750064,65.06956811516929,0.06013305542072352,0.0,0.0,8.23
1993,11,42.412768942937326,42.2,33.773903811152174,52.50518416333287,0.05018932097279075,0.0,0.0,5.73
1993,12,36.281299992027854,36.9,28.56027692717348,45.22169406623858,0.0456645290345355,0.0,0.0,5.04
1994,1,30.678272160201324,32.8,22.461359484148307,40.49845482933132,0.05230474250277121,0.0,0.0,5.98
1994,2,33.72176104358138,34.7,24.849812923150015,43.93239842959967,0.047376578457924104,0.0,0.0,5.04
1994,3,44.234389633886764,44.0,34.51606771527592,55.232040517126485,0.059399599733155437,0.0,0.0,11.1
1994,4,53.30784286698828,53.4,43.01644399050406,64.7137090758392,0.06326452462155208,0.0,0.0,10.0
1994,5,60.62319558788266,60.9,50.05409209893691,71.3965953697028,0.05511352277595316,0.0,0.0,4.15
1994,6,70.12420013239188,71.7,59.773578372988396,80.8999004865104,0.06824820960183903,0.0,0.0,7.34
1994,7,72.66596732820305,74.3,62.7002303210947,83.18610450021636,0.07407853598370766,0.0,0.0,8.39
1994,8,71.29293653350516,72.3,61.156534504121105,82.03006961055716,0.06514445746292115,0.0,0.0,8.59
1994,9,65.20990227473499,65.9,55.15219918620422,76.18276195742328,0.05851935816281466,0.0,0.0,7.01
1994,10,54.844287236877165,55.3,45.68196362276648,65.17569614851169,0.06039426829615702,0.0,0.0,12.2
1994,11,44.89514200298954,46.0,36.66667961811723,54.463535023015915,0.05942230101479398,0.0,0.0,6.02
1994,12,37.84066926488376,38.6,30.359340008613263,46.61175093506983,0.04596356776513588,0.0,0.0,5.91
1995,1,34.69505991619739,35.1,27.4508434250274,42.916588285592134,0.04947434432397781,0.0,0.0,18.28
1995,2,36.84818477020741,37.8,27.929136880346885,47.0197343342228,0.030868794326241136,0.0,0.0,15.0
1995,3,44.01323482257375,45.5,34.88140300184605,53.83348766258096,0.045808622387569754,0.0,0.0,12.09
1995,4,51.07505042968858,50.3,41.30351571144058,61.570016050475985,0.04205030916245082,0.0,0.0,14.02
1995,5,60.24850486149331,59.0,50.85195728603663,70.02576111183951,0.0633813121907093,0.0,0.0,17.87
1995,6,68.33149094037313,69.9,58.32370009159977,78.53974262330391,0.05137112311073726,0.0,0.0,12.91
1995,7,73.25957553652606,74.9,63.08142304020367,83.74684983043663,0.04600708407680631,0.0,0.0,12.13
1995,8,73.29316207725005,75.4,63.6673463435329,83.86957707687826,0.04698258878653959,0.0,0.0,12.11
1995,9,64.75208623087622,65.2,54.931264262893656,75.73930688554492,0.042014977830647775,0.0,0.0,10.08
1995,10,55.67301928303352,56.2,45.87051095648562,66.66968319916904,0.047620434508816124,0.0,0.0,12.01
1995,11,42.20734857081104,42.3,33.50367712761636,52.227552458927505,0.03893172779496244,0.0,0.0,8.66
1995,12,34.4557500257387,33.5,26.761658967145845,43.069617836038496,0.03329071545315548,0.0,0.0,8.9
1996,1,30.70891272952342,32.6,22.050492821109817,40.68225031802487,0.04137619300106045,0.0,0.0,6.85
1996,2,35.55325471438782,37.5,26.66693210624931,45.97955386229363,0.034671048935333446,0.0,0.0,5.04
1996,3,39.9815805018363,40.3,30.226732596770457,51.04398845122706,0.03596234912156678,0.0,0.0,7.01
1996,4,50.9170421521316,51.1,40.50343379776963,62.39063936704801,0.039038958214392516,0.0,0.0,10.0
1996,5,61.02260531398445,59.6,51.20463198135687,71.33845952797888,0.03939088716303973,0.0,0.0,11.1
1996,6,69.21662246996428,70.0,59.048564989546286,79.67621924785954,0.04426387859828215,0.0,0.0,10.0
1996,7,72.8539132789697,73.2,63.62720320356486,82.23367651043078,0.06762687634024303,0.0,0.0,8.2
1996,8,71.59425834608626,72.7,62.288372488934286,81.4543920834751,0.05662410407757634,0.0,0.0,7.75
1996,9,64.2090259419574,64.8,55.52919744111661,73.65732806232195,0.07478245867185293,0.0,0.0,9.45
1996,10,54.298997591980736,55.6,45.39570591697733,64.35063369223867,0.053398335386556896,0.0,0.0,8.11
1996,11,41.54826596299948,40.8,34.46556639377576,49.699111343439625,0.05265570439972065,0.0,0.0,6.66
1996,12,36.29333221033718,37.5,29.274639372381408,44.33002562441923,0.060140135033758445,0.0,0.0,5.78
1997,1,32.19923679115576,33.4,25.0072056633986,40.668632692686494,0.04964222336710745,0.0,0.0,5.82
1997,2,38.44591247644402,37.6,31.02923680584676,46.820008389261744,0.050038588921637144,0.0,0.0,4.57
1997,3,44.6536393337261,45.3,35.50115823904767,54.9272722393667,0.045626186987899504,0.0,0.0,6.87
1997,4,50.05686581944215,50.5,40.68625151415042,60.016777728824756,0.05199072522069505,0.0,0.0,7.52
1997,5,59.98640704584041,59.4,50.16264596602972,70.03574177793115,0.04832425177828479,0.0,0.0,7.24
1997,6,68.89057399496112,69.5,59.45329278983125,78.44400131478032,0.059166367428113695,0.0,0.0,8.63
1997,7,73.07900333111259,74.2,63.520275858389134,82.91032175512488,0.05398499273842182,0.0,0.0,8.34
1997,8,71.4000933681908,71.6,62.27888008113806,81.16407204803203,0.054003233194126365,0.0,0.0,13.52
1997,9,66.55778635423846,66.6,57.384896135065794,76.65361447444631,0.051961106165145786,0.0,0.0,8.1
1997,10,54.33038881584244,54.3,45.1273166800967,64.64784885594585,0.04922912263588576,0.0,0.0,6.24
1997,11,42.69542380398026,42.2,35.18856595602931,51.04348079646755,0.05254481298517996,0.0,0.0,5.91
1997,12,35.75345169768814,35.2,28.702926318052345,43.67932804730547,0.05472833064714399,0.0,0.0,7.89
1998,1,35.92533074140072,36.6,28.903323148473625,43.97400865566676,0.055990048375950244,0.0,0.0,8.33
1998,2,39.90007042253521,39.8,32.70089896882987,48.10970859526467,0.07728587252641977,0.0,0.0,5.9
1998,3,42.90128910548656,41.7,34.60911046404868,52.25742995067688,0.05971526833559946,0.0,0.0,11.48
1998,4,52.501590579904516,51.9,42.47125030190806,63.11683617335301,0.055799267597992676,0.0,0.0,4.76
1998,5,63.147183350357516,62.8,53.05952630368686,73.7226019873809,0.052161139149242974,0.0,0.0,6.59
1998,6,68.60057049284242,68.3,59.082902910311645,78.71139745724632,0.06739501608999761,0.0,0.0,7.34
1998,7,73.94923715992718,74.7,64.05729754695679,84.32885759720939,0.0586923017448004,0.0,0.0,5.73
1998,8,72.67197104847341,73.9,62.83223205857591,83.35754870957871,0.05375617792421747,0.0,0.0,10.4
1998,9,67.96490102495893,69.6,57.89432105853799,79.11237344744808,0.06262514429635849,0.0,0.0,11.0
1998,10,55.73778226315125,55.3,46.50278535353535,66.17177855230591,0.05978754764930114,0.0,0.0,16.32
1998,11,45.885288870231406,45.8,38.116396155058304,54.828761364233536,0.05517665456280316,0.0,0.0,7.86
1998,12,37.13884537131231,38.0,28.874894342889153,46.63729033902625,0.04448072292276223,0.0,0.0,5.09
1999,1,33.80367459274503,35.2,25.384878351539225,43.483664744482006,0.06927143011566318,0.0,0.0,6.49
1999,2,38.5491129476584,39.1,29.67164989662302,48.65375690607735,0.04472839870244766,0.0,0.0,5.08
1999,3,42.23633811070147,42.7,32.440805608481114,53.16912400733048,0.04918709877020651,0.0,0.0,4.73
1999,4,52.15434621543462,51.4,42.31569419867043,63.13850422137715,0.061360892254169644,0.0,0.0,6.91
1999,5,60.7177456487706,61.7,50.13192925082333,71.70466101694916,0.06595702981454715,0.0,0.0,5.9
1999,6,68.51287152273754,70.0,58.68007048793847,79.04371146292108,0.07751772151898734,0.0,0.0,10.35
1999,7,74.00855708966442,76.2,63.860285198388816,84.87937951138257,0.06128402948402949,0.0,0.0,7.68
1999,8,71.98085856827939,72.0,61.68774320872998,83.22290960583128,0.0589273850242378,0.0,0.0,10.48
1999,9,64.86080118328609,65.2,54.22497841158619,76.75274974710716,0.08049752668575891,0.0,0.0,12.17
1999,10,54.71755185937722,54.8,43.72335244231772,67.08212727617602,0.05245656955049794,0.0,0.0,7.87
1999,11,47.297817868593576,48.8,37.05531777378815,59.31920370770598,0.04215156923992265,0.0,0.0,3.77
1999,12,36.196630966239816,37.2,27.02580164056674,46.67551129871039,0.047350034588398066,0.0,0.0,4.41
2000,1,33.144985813293644,33.2,24.274106145251395,43.34529062317997,0.051072076155938353,0.0,0.0,5.0
2000,2,40.0922278248342,39.7,30.682083022619935,50.89909412174605,0.05350271165611392,0.0,0.0,5.99
2000,3,46.45723204994797,46.2,36.21751492157498,57.9861007613802,0.060127407262213946,0.0,0.0,7.45
2000,4,52.13114129139862,52.7,41.182625178826896,64.15395365504061,0.05972956594197409,0.0,0.0,5.82
2000,5,62.732614829548076,63.0,51.877009047365625,74.1526203752979,0.06562108982065311,0.0,0.0,7.61
2000,6,68.88512741757451,70.0,58.43904588125135,80.02102900220878,0.08669407094378281,0.0,0.0,9.6
2000,7,72.37209994881579,72.9,61.77055303294912,83.4041730670763,0.06676190476190476,0.0,0.0,7.57
2000,8,72.42549556659394,73.1,61.87396697094279,83.7931112143023,0.055662070314410055,0.0,0.0,7.16
2000,9,65.115831470666,65.6,54.36196732356409,77.26946228798268,0.07609297374024131,0.0,0.0,9.23
2000,10,55.35627872429321,56.2,45.37904069159443,66.93891845413772,0.05196323654891636,0.0,0.0,12.48
2000,11,41.09290881033901,41.0,32.94699505010262,50.3372150309119,0.06029502779817476,0.0,0.0,6.74
2000,12,30.174530114834777,30.2,21.752990730963276,39.56821086261981,0.036934492425606334,0.0,0.0,13.9
